<?xml version="1.0" encoding="utf-8"?>
<!--
- phpMyAdmin XML Dump
- version 4.8.4
- https://www.phpmyadmin.net
-
- Host: 127.0.0.1:3306
- Generation Time: Apr 08, 2019 at 11:19 AM
- Server version: 5.7.24
- PHP Version: 7.2.14
-->

<pma_xml_export version="1.0" xmlns:pma="https://www.phpmyadmin.net/some_doc_url/">
    <!--
    - Structure schemas
    -->
    <pma:structure_schemas>
        <pma:database name="food_service" collation="latin1_swedish_ci" charset="latin1">
            <pma:table name="food_menu_detail">
                CREATE TABLE `food_menu_detail` (
                  `id` int(3) NOT NULL AUTO_INCREMENT,
                  `food_name` text NOT NULL,
                  `food_price` int(50) NOT NULL,
                  `hotel_id` int(50) NOT NULL,
                  PRIMARY KEY (`id`)
                ) ENGINE=MyISAM AUTO_INCREMENT=2 DEFAULT CHARSET=latin1;
            </pma:table>
            <pma:table name="hotel">
                CREATE TABLE `hotel` (
                  `id` int(11) NOT NULL AUTO_INCREMENT,
                  `name` varchar(20) NOT NULL,
                  `address` varchar(60) NOT NULL,
                  `contact` int(20) DEFAULT NULL,
                  PRIMARY KEY (`id`)
                ) ENGINE=MyISAM AUTO_INCREMENT=6 DEFAULT CHARSET=latin1;
            </pma:table>
        </pma:database>
    </pma:structure_schemas>

    <!--
    - Database: 'food_service'
    -->
    <database name="food_service">
        <!-- Table food_menu_detail -->
        <table name="food_menu_detail">
            <column name="id">1</column>
            <column name="food_name">burger</column>
            <column name="food_price">90</column>
            <column name="hotel_id">1</column>
        </table>
        <!-- Table hotel -->
        <table name="hotel">
            <column name="id">1</column>
            <column name="name">AROMA_HOTEL</column>
            <column name="address">SIRSA</column>
            <column name="contact">57867</column>
        </table>
        <table name="hotel">
            <column name="id">2</column>
            <column name="name">NISHU_RAJ</column>
            <column name="address">SIRSA</column>
            <column name="contact">67567</column>
        </table>
        <table name="hotel">
            <column name="id">3</column>
            <column name="name">ohm</column>
            <column name="address">sirsa</column>
            <column name="contact">765785</column>
        </table>
    </database>
</pma_xml_export>