[{"id":1,"name":"Gibby Iohananof","city":"Pune"},
{"id":2,"name":"Ludvig Lace","city":"Pune"},
{"id":3,"name":"Angelico Joisce","city":"Bangalore"},
{"id":4,"name":"Orelia Wessing","city":"Hyderabad"},
{"id":5,"name":"Constantia Campbell","city":"Pune"},
{"id":6,"name":"Cherrita Doxsey","city":"Chennai"},
{"id":7,"name":"Neill Allender","city":"Pune"},
{"id":8,"name":"Zedekiah Mulliss","city":"Bangalore"},
{"id":9,"name":"Ferris Zohrer","city":"Mysore"},
{"id":10,"name":"Sapphira McDade","city":"Chennai"},
{"id":11,"name":"Peterus McVicar","city":"Hyderabad"},
{"id":12,"name":"Lin Kaser","city":"Mumbai"},
{"id":13,"name":"Eb Pretty","city":"Bangalore"},
{"id":14,"name":"Crosby Linscott","city":"Mumbai"},
{"id":15,"name":"Tremayne Pinney","city":"Chennai"},
{"id":16,"name":"Bobbie Fleetwood","city":"Pune"},
{"id":17,"name":"Daryl Smithson","city":"Mumbai"},
{"id":18,"name":"Phyllida Lambdean","city":"Mysore"},
{"id":19,"name":"Pavlov Witterick","city":"Mysore"},
{"id":20,"name":"Lou Castilla","city":"Mumbai"},
{"id":21,"name":"Yelena Dendon","city":"Mysore"},
{"id":22,"name":"Tannie Smogur","city":"Mysore"},
{"id":23,"name":"Meredeth Corkish","city":"Mysore"},
{"id":24,"name":"Cherri Grieger","city":"Bangalore"},
{"id":25,"name":"Norene Townend","city":"Hyderabad"},
{"id":26,"name":"Jenny Purcer","city":"Pune"},
{"id":27,"name":"Gustavo Oak","city":"Mumbai"},
{"id":28,"name":"Emmalynn Gravener","city":"Hyderabad"},
{"id":29,"name":"Ina Gillett","city":"Hyderabad"},
{"id":30,"name":"Miran Gleasane","city":"Hyderabad"},
{"id":31,"name":"Hobart Dakhno","city":"Mumbai"},
{"id":32,"name":"Winne Metrick","city":"Pune"},
{"id":33,"name":"Austen Teek","city":"Bangalore"},
{"id":34,"name":"Phillida Denisevich","city":"Mysore"},
{"id":35,"name":"Sondra Munn","city":"Chennai"},
{"id":36,"name":"Dukey Pedrozzi","city":"Mumbai"},
{"id":37,"name":"Marlon Stife","city":"Chennai"},
{"id":38,"name":"Adolphe Waterson","city":"Bangalore"},
{"id":39,"name":"Gregor Esposita","city":"Hyderabad"},
{"id":40,"name":"Modesta Lanmeid","city":"Hyderabad"},
{"id":41,"name":"Sergio Weymouth","city":"Chennai"},
{"id":42,"name":"Claudette Uff","city":"Chennai"},
{"id":43,"name":"Carolee Blount","city":"Bangalore"},
{"id":44,"name":"Lilllie Crumly","city":"Chennai"},
{"id":45,"name":"Farleigh Gershom","city":"Hyderabad"},
{"id":46,"name":"Ilario Baldock","city":"Mumbai"},
{"id":47,"name":"Jamill Gibbett","city":"Mumbai"},
{"id":48,"name":"Berrie Wayman","city":"Chennai"},
{"id":49,"name":"Kendall Sutcliffe","city":"Pune"},
{"id":50,"name":"Lauryn McCromley","city":"Hyderabad"},
{"id":51,"name":"Dareen Dorsett","city":"Chennai"},
{"id":52,"name":"Arri Junkin","city":"Hyderabad"},
{"id":53,"name":"Yehudi Dall","city":"Chennai"},
{"id":54,"name":"Sophia Brunicke","city":"Bangalore"},
{"id":55,"name":"Cammie Millery","city":"Mysore"},
{"id":56,"name":"Suzanne Dyka","city":"Pune"},
{"id":57,"name":"Claudelle McKea","city":"Mumbai"},
{"id":58,"name":"Sig Hovie","city":"Chennai"},
{"id":59,"name":"Morganne Wordsworth","city":"Chennai"},
{"id":60,"name":"Galina MacCallester","city":"Chennai"},
{"id":61,"name":"Mel Lucks","city":"Bangalore"},
{"id":62,"name":"Ottilie Braniff","city":"Bangalore"},
{"id":63,"name":"Pavel Mather","city":"Mysore"},
{"id":64,"name":"Derrick Lachaize","city":"Mumbai"},
{"id":65,"name":"Paulo Lerer","city":"Mysore"},
{"id":66,"name":"Gabbie Yakob","city":"Mumbai"},
{"id":67,"name":"Tristam Droogan","city":"Chennai"},
{"id":68,"name":"Eleen King","city":"Mumbai"},
{"id":69,"name":"Jedediah Thebes","city":"Hyderabad"},
{"id":70,"name":"Erhard O' Molan","city":"Chennai"},
{"id":71,"name":"Opaline Dundredge","city":"Pune"},
{"id":72,"name":"Ilsa Ammer","city":"Chennai"},
{"id":73,"name":"Kattie De Benedictis","city":"Mysore"},
{"id":74,"name":"Taffy Boggis","city":"Bangalore"},
{"id":75,"name":"Tabbitha Wellan","city":"Chennai"},
{"id":76,"name":"Seka Skipsey","city":"Pune"},
{"id":77,"name":"Eric Beakes","city":"Chennai"},
{"id":78,"name":"Bess Vines","city":"Bangalore"},
{"id":79,"name":"Odell Botton","city":"Chennai"},
{"id":80,"name":"Hurlee Rabl","city":"Mysore"},
{"id":81,"name":"Darnell Dewire","city":"Chennai"},
{"id":82,"name":"Ekaterina Trobey","city":"Bangalore"},
{"id":83,"name":"Moyra Beels","city":"Mysore"},
{"id":84,"name":"Jayne Setchell","city":"Mysore"},
{"id":85,"name":"Adan Garrod","city":"Mumbai"},
{"id":86,"name":"Moore Brant","city":"Mysore"},
{"id":87,"name":"Randolf Bromige","city":"Bangalore"},
{"id":88,"name":"Marianne Hampton","city":"Pune"},
{"id":89,"name":"Curt O'Dougherty","city":"Bangalore"},
{"id":90,"name":"Dickie Shingles","city":"Bangalore"},
{"id":91,"name":"Calhoun Biermatowicz","city":"Bangalore"},
{"id":92,"name":"Grier Ledekker","city":"Hyderabad"},
{"id":93,"name":"Jasper Satyford","city":"Bangalore"},
{"id":94,"name":"Isadore Tuffell","city":"Mumbai"},
{"id":95,"name":"Honoria Whisson","city":"Chennai"},
{"id":96,"name":"Caralie Bysaker","city":"Chennai"},
{"id":97,"name":"Galven Pude","city":"Hyderabad"},
{"id":98,"name":"Carlin Valti","city":"Bangalore"},
{"id":99,"name":"Marena Haugeh","city":"Mumbai"},
{"id":100,"name":"Christy Whyman","city":"Chennai"},
{"id":101,"name":"Eleanora Preece","city":"Mumbai"},
{"id":102,"name":"Suzie Byne","city":"Chennai"},
{"id":103,"name":"Othilie Mullin","city":"Mumbai"},
{"id":104,"name":"Claudianus Jakab","city":"Mysore"},
{"id":105,"name":"Darrel Fourmy","city":"Mumbai"},
{"id":106,"name":"Michaela Alban","city":"Chennai"},
{"id":107,"name":"Arda Bullene","city":"Chennai"},
{"id":108,"name":"Rosalind Roome","city":"Hyderabad"},
{"id":109,"name":"Leanna Arton","city":"Mumbai"},
{"id":110,"name":"Traci Bienvenu","city":"Hyderabad"},
{"id":111,"name":"Zaneta Flaubert","city":"Mumbai"},
{"id":112,"name":"Linc Count","city":"Chennai"},
{"id":113,"name":"Valaree Nesbit","city":"Bangalore"},
{"id":114,"name":"Neils Sealand","city":"Chennai"},
{"id":115,"name":"Mercie Gownge","city":"Bangalore"},
{"id":116,"name":"Carri Giblett","city":"Pune"},
{"id":117,"name":"Hussein Thome","city":"Mumbai"},
{"id":118,"name":"Lil Anthon","city":"Pune"},
{"id":119,"name":"Ian Mascall","city":"Pune"},
{"id":120,"name":"Guillema Sayer","city":"Hyderabad"},
{"id":121,"name":"Hugues Rozzier","city":"Mysore"},
{"id":122,"name":"Rica Haresnaip","city":"Chennai"},
{"id":123,"name":"Salli Gleadhall","city":"Mumbai"},
{"id":124,"name":"Cheryl Tubbles","city":"Pune"},
{"id":125,"name":"Mirelle Hamly","city":"Pune"},
{"id":126,"name":"Gaye Searles","city":"Mysore"},
{"id":127,"name":"Rheta Rampley","city":"Mumbai"},
{"id":128,"name":"Anthiathia Dinning","city":"Mysore"},
{"id":129,"name":"Caria Kaemena","city":"Mysore"},
{"id":130,"name":"Tiertza Winscomb","city":"Pune"},
{"id":131,"name":"Wendi Keese","city":"Hyderabad"},
{"id":132,"name":"Deerdre Rubinsztein","city":"Hyderabad"},
{"id":133,"name":"Nichole Drinkeld","city":"Hyderabad"},
{"id":134,"name":"Yvette Wilshere","city":"Mumbai"},
{"id":135,"name":"Berkly Londer","city":"Mysore"},
{"id":136,"name":"Janos Eskrigg","city":"Bangalore"},
{"id":137,"name":"Tybalt Kingswell","city":"Chennai"},
{"id":138,"name":"Patrice Cuthbertson","city":"Chennai"},
{"id":139,"name":"Rachele Kehoe","city":"Bangalore"},
{"id":140,"name":"Lisha Pledger","city":"Hyderabad"},
{"id":141,"name":"Audrey Gillease","city":"Hyderabad"},
{"id":142,"name":"Clive Charter","city":"Mysore"},
{"id":143,"name":"Humbert Premble","city":"Chennai"},
{"id":144,"name":"Jarrid Atchly","city":"Bangalore"},
{"id":145,"name":"Terra Porson","city":"Hyderabad"},
{"id":146,"name":"Laryssa Burdus","city":"Mumbai"},
{"id":147,"name":"Lidia Raithbie","city":"Pune"},
{"id":148,"name":"Margalit Suffe","city":"Chennai"},
{"id":149,"name":"Paloma Pothergill","city":"Mysore"},
{"id":150,"name":"Antone Sebborn","city":"Mysore"},
{"id":151,"name":"Lin Bartleman","city":"Mumbai"},
{"id":152,"name":"Dedie Murthwaite","city":"Bangalore"},
{"id":153,"name":"Nathan Downing","city":"Hyderabad"},
{"id":154,"name":"Domini Brushfield","city":"Chennai"},
{"id":155,"name":"Tatum Dorney","city":"Hyderabad"},
{"id":156,"name":"Roda Basek","city":"Chennai"},
{"id":157,"name":"Jessamyn Drennan","city":"Mysore"},
{"id":158,"name":"Shari O'Teague","city":"Mysore"},
{"id":159,"name":"Ronda Gladdifh","city":"Hyderabad"},
{"id":160,"name":"Myrtie Genders","city":"Mumbai"},
{"id":161,"name":"Clarissa Santostefano.","city":"Mysore"},
{"id":162,"name":"Ronalda Worsnop","city":"Mysore"},
{"id":163,"name":"Timothea Rosengart","city":"Pune"},
{"id":164,"name":"Dottie Borrowman","city":"Chennai"},
{"id":165,"name":"Stacie Truett","city":"Mysore"},
{"id":166,"name":"Harlin Tomeo","city":"Bangalore"},
{"id":167,"name":"Anestassia Patillo","city":"Hyderabad"},
{"id":168,"name":"Onfre Garrals","city":"Bangalore"},
{"id":169,"name":"Boris Anthoney","city":"Bangalore"},
{"id":170,"name":"Gavrielle Prator","city":"Mumbai"},
{"id":171,"name":"Gweneth Phalp","city":"Chennai"},
{"id":172,"name":"Boycey Maus","city":"Pune"},
{"id":173,"name":"Drona Muttock","city":"Chennai"},
{"id":174,"name":"Ophelie McMillan","city":"Chennai"},
{"id":175,"name":"Griswold Janc","city":"Bangalore"},
{"id":176,"name":"Rafferty Blount","city":"Mumbai"},
{"id":177,"name":"Andra Braniff","city":"Pune"},
{"id":178,"name":"Joleen Dayly","city":"Bangalore"},
{"id":179,"name":"Kip Peak","city":"Mysore"},
{"id":180,"name":"Ichabod Micklem","city":"Mumbai"},
{"id":181,"name":"Riane Biggar","city":"Hyderabad"},
{"id":182,"name":"Mariette Sawkins","city":"Mysore"},
{"id":183,"name":"Carlina Glamart","city":"Pune"},
{"id":184,"name":"Riccardo Grishenkov","city":"Mumbai"},
{"id":185,"name":"Kimball Waterman","city":"Mumbai"},
{"id":186,"name":"Berk Jinkinson","city":"Pune"},
{"id":187,"name":"Bendick Dachey","city":"Hyderabad"},
{"id":188,"name":"Vivian Behnecken","city":"Bangalore"},
{"id":189,"name":"Ximenez Bellerby","city":"Mysore"},
{"id":190,"name":"Elmer Grocott","city":"Chennai"},
{"id":191,"name":"Arly Emms","city":"Bangalore"},
{"id":192,"name":"Lettie Coumbe","city":"Hyderabad"},
{"id":193,"name":"Christi Falloon","city":"Mysore"},
{"id":194,"name":"Maryrose Saggs","city":"Hyderabad"},
{"id":195,"name":"Anissa Lemmanbie","city":"Hyderabad"},
{"id":196,"name":"Burty Heers","city":"Mysore"},
{"id":197,"name":"Ced Lampett","city":"Pune"},
{"id":198,"name":"Jules Danelut","city":"Hyderabad"},
{"id":199,"name":"Suellen Yacobsohn","city":"Hyderabad"},
{"id":200,"name":"Geoff Canepe","city":"Hyderabad"},
{"id":201,"name":"Bron Frowing","city":"Pune"},
{"id":202,"name":"Billi Lafuente","city":"Mysore"},
{"id":203,"name":"Darrel Guilloux","city":"Chennai"},
{"id":204,"name":"Jacinda Rolley","city":"Pune"},
{"id":205,"name":"Goraud Carmont","city":"Bangalore"},
{"id":206,"name":"Terrell Columbine","city":"Bangalore"},
{"id":207,"name":"Gaye Klee","city":"Pune"},
{"id":208,"name":"Rianon Colthard","city":"Chennai"},
{"id":209,"name":"Vito Lunn","city":"Bangalore"},
{"id":210,"name":"Gwennie Stapford","city":"Pune"},
{"id":211,"name":"Alano Longmaid","city":"Mysore"},
{"id":212,"name":"Robers Ailward","city":"Mysore"},
{"id":213,"name":"Shana Bohea","city":"Mysore"},
{"id":214,"name":"Ruthann McInility","city":"Chennai"},
{"id":215,"name":"Willi Fritzer","city":"Bangalore"},
{"id":216,"name":"Kelvin Lockless","city":"Chennai"},
{"id":217,"name":"Elliot Featonby","city":"Bangalore"},
{"id":218,"name":"Gertrudis Diggle","city":"Hyderabad"},
{"id":219,"name":"Wrennie Waldron","city":"Mysore"},
{"id":220,"name":"Jeni Saltman","city":"Bangalore"},
{"id":221,"name":"Waylon Seale","city":"Hyderabad"},
{"id":222,"name":"Joyce Calvert","city":"Mumbai"},
{"id":223,"name":"Kermit Denizet","city":"Pune"},
{"id":224,"name":"Adelind Baldung","city":"Mumbai"},
{"id":225,"name":"Chrissy BoHlingolsen","city":"Bangalore"},
{"id":226,"name":"Robbi Martinson","city":"Mumbai"},
{"id":227,"name":"Finlay Aggs","city":"Bangalore"},
{"id":228,"name":"Jasun Elce","city":"Pune"},
{"id":229,"name":"Iolande Everly","city":"Bangalore"},
{"id":230,"name":"Blakelee Shallcrass","city":"Mumbai"},
{"id":231,"name":"Weylin Moulden","city":"Pune"},
{"id":232,"name":"Georgy Tumasian","city":"Pune"},
{"id":233,"name":"Abel McShirrie","city":"Hyderabad"},
{"id":234,"name":"Trula Caunter","city":"Hyderabad"},
{"id":235,"name":"Lazarus Corwin","city":"Chennai"},
{"id":236,"name":"Angelita New","city":"Bangalore"},
{"id":237,"name":"Yoko McAvin","city":"Pune"},
{"id":238,"name":"Wrennie Warnock","city":"Mysore"},
{"id":239,"name":"Virgilio Reisenberg","city":"Hyderabad"},
{"id":240,"name":"Miranda Severs","city":"Chennai"},
{"id":241,"name":"Annalee Spens","city":"Hyderabad"},
{"id":242,"name":"Linea Peasegood","city":"Bangalore"},
{"id":243,"name":"Alvie O'Skehan","city":"Bangalore"},
{"id":244,"name":"Marilin Snelle","city":"Hyderabad"},
{"id":245,"name":"Meghann Tacey","city":"Hyderabad"},
{"id":246,"name":"Vyky Goscar","city":"Hyderabad"},
{"id":247,"name":"Salome Puleque","city":"Pune"},
{"id":248,"name":"Cairistiona Arderne","city":"Pune"},
{"id":249,"name":"Kristofer Simonsen","city":"Mumbai"},
{"id":250,"name":"Devy McClancy","city":"Hyderabad"},
{"id":251,"name":"Gabrila Reinert","city":"Pune"},
{"id":252,"name":"Bradford Vowles","city":"Mysore"},
{"id":253,"name":"Hunfredo De Michetti","city":"Mysore"},
{"id":254,"name":"Massimo Caramuscia","city":"Bangalore"},
{"id":255,"name":"Brynne Benedict","city":"Mysore"},
{"id":256,"name":"Lyndy Sikorsky","city":"Mumbai"},
{"id":257,"name":"Erika Gowman","city":"Mumbai"},
{"id":258,"name":"Jobi Cosbee","city":"Pune"},
{"id":259,"name":"Rozina Corbin","city":"Bangalore"},
{"id":260,"name":"Alison MacAlpine","city":"Chennai"},
{"id":261,"name":"Cos Blackler","city":"Hyderabad"},
{"id":262,"name":"Letitia Fawks","city":"Chennai"},
{"id":263,"name":"Blondy Lawey","city":"Mysore"},
{"id":264,"name":"Obadias Werndley","city":"Mumbai"},
{"id":265,"name":"Julia Drewry","city":"Mumbai"},
{"id":266,"name":"Regen Cozzi","city":"Mysore"},
{"id":267,"name":"Ange Hanfrey","city":"Bangalore"},
{"id":268,"name":"Glenine Upham","city":"Pune"},
{"id":269,"name":"Emanuel Jentges","city":"Bangalore"},
{"id":270,"name":"Aloise Larvin","city":"Hyderabad"},
{"id":271,"name":"Peter Charrington","city":"Pune"},
{"id":272,"name":"Mara Wethers","city":"Mumbai"},
{"id":273,"name":"Temp Filipponi","city":"Pune"},
{"id":274,"name":"Lane Fandrey","city":"Mumbai"},
{"id":275,"name":"Brant Egger","city":"Mumbai"},
{"id":276,"name":"Cathie Navarijo","city":"Mysore"},
{"id":277,"name":"Winny Pittem","city":"Mumbai"},
{"id":278,"name":"Dorisa Lancaster","city":"Mumbai"},
{"id":279,"name":"Glenna Chaulk","city":"Pune"},
{"id":280,"name":"Tedmund Goodinge","city":"Mumbai"},
{"id":281,"name":"Vyky Zaczek","city":"Chennai"},
{"id":282,"name":"Audie Gecks","city":"Mumbai"},
{"id":283,"name":"Susan Bartoszewski","city":"Mysore"},
{"id":284,"name":"Ileane Episcopio","city":"Hyderabad"},
{"id":285,"name":"Jerrilyn Sevin","city":"Pune"},
{"id":286,"name":"Michal Barkworth","city":"Hyderabad"},
{"id":287,"name":"Sabina Lukianovich","city":"Chennai"},
{"id":288,"name":"Issiah Busch","city":"Mumbai"},
{"id":289,"name":"Kayla Goodey","city":"Pune"},
{"id":290,"name":"Phineas Dosdell","city":"Pune"},
{"id":291,"name":"Renate Crowcum","city":"Hyderabad"},
{"id":292,"name":"Tuckie McJarrow","city":"Chennai"},
{"id":293,"name":"Rozella Stonman","city":"Hyderabad"},
{"id":294,"name":"Rufus Gethings","city":"Hyderabad"},
{"id":295,"name":"Justis Lucius","city":"Chennai"},
{"id":296,"name":"Christan Skellington","city":"Mysore"},
{"id":297,"name":"Sheena Frisby","city":"Hyderabad"},
{"id":298,"name":"Eolanda Riolfi","city":"Hyderabad"},
{"id":299,"name":"Sondra Beldon","city":"Mumbai"},
{"id":300,"name":"Rickey Ilyas","city":"Hyderabad"},
{"id":301,"name":"Annemarie Bing","city":"Hyderabad"},
{"id":302,"name":"Diann Oxenden","city":"Chennai"},
{"id":303,"name":"Brittan Simenet","city":"Bangalore"},
{"id":304,"name":"Chris Trouncer","city":"Bangalore"},
{"id":305,"name":"Denys Sharvell","city":"Bangalore"},
{"id":306,"name":"Rosalia Vearncombe","city":"Pune"},
{"id":307,"name":"Georgie Hasloch","city":"Pune"},
{"id":308,"name":"Daisi Rockingham","city":"Bangalore"},
{"id":309,"name":"Seumas Twort","city":"Hyderabad"},
{"id":310,"name":"Oliy Broadstock","city":"Mysore"},
{"id":311,"name":"Gunilla Conochie","city":"Mumbai"},
{"id":312,"name":"Asa Aplin","city":"Mysore"},
{"id":313,"name":"Mannie Banasevich","city":"Chennai"},
{"id":314,"name":"Clarette Blaxley","city":"Mysore"},
{"id":315,"name":"Nanette Kach","city":"Mysore"},
{"id":316,"name":"Arte Sims","city":"Hyderabad"},
{"id":317,"name":"Nicolea Hirthe","city":"Pune"},
{"id":318,"name":"Flinn Walbridge","city":"Chennai"},
{"id":319,"name":"Carrie Kinrade","city":"Pune"},
{"id":320,"name":"Meghan Hurlston","city":"Pune"},
{"id":321,"name":"Raddie Janek","city":"Mysore"},
{"id":322,"name":"Vania Theseira","city":"Bangalore"},
{"id":323,"name":"Marty Barnfield","city":"Pune"},
{"id":324,"name":"Hunt Shegog","city":"Chennai"},
{"id":325,"name":"Meier Prinn","city":"Hyderabad"},
{"id":326,"name":"Reinhold Fernier","city":"Chennai"},
{"id":327,"name":"Roberta Gatesman","city":"Mumbai"},
{"id":328,"name":"Doralyn Allday","city":"Mumbai"},
{"id":329,"name":"Bruis Dreschler","city":"Chennai"},
{"id":330,"name":"Phyllida Herculson","city":"Pune"},
{"id":331,"name":"Mahala De Ambrosi","city":"Hyderabad"},
{"id":332,"name":"Yetta Keel","city":"Mysore"},
{"id":333,"name":"Yorke Edwinson","city":"Chennai"},
{"id":334,"name":"Emmalynn Berka","city":"Pune"},
{"id":335,"name":"Sallie Ridger","city":"Bangalore"},
{"id":336,"name":"Sonnie Diprose","city":"Mumbai"},
{"id":337,"name":"Cristie Carnie","city":"Bangalore"},
{"id":338,"name":"Ola Halfacre","city":"Pune"},
{"id":339,"name":"Ahmed Beeswing","city":"Bangalore"},
{"id":340,"name":"Evaleen Daunter","city":"Mumbai"},
{"id":341,"name":"Edgar Crop","city":"Mumbai"},
{"id":342,"name":"Dalton Jewks","city":"Chennai"},
{"id":343,"name":"Shir Cockrem","city":"Mysore"},
{"id":344,"name":"Sunny Dewfall","city":"Mysore"},
{"id":345,"name":"Johnathon Brosius","city":"Hyderabad"},
{"id":346,"name":"Gardy Giddy","city":"Hyderabad"},
{"id":347,"name":"Addison Olexa","city":"Mumbai"},
{"id":348,"name":"Melesa MacFie","city":"Chennai"},
{"id":349,"name":"Marietta Postins","city":"Pune"},
{"id":350,"name":"Carrie Pigden","city":"Mumbai"},
{"id":351,"name":"Meagan Skirving","city":"Mumbai"},
{"id":352,"name":"Izak MacKessock","city":"Chennai"},
{"id":353,"name":"Nettie Thirlwell","city":"Mumbai"},
{"id":354,"name":"Paddy Woolley","city":"Pune"},
{"id":355,"name":"Stefa Skirven","city":"Mumbai"},
{"id":356,"name":"Kimberli McBrady","city":"Chennai"},
{"id":357,"name":"Derick Klassmann","city":"Hyderabad"},
{"id":358,"name":"Mariele Hriinchenko","city":"Chennai"},
{"id":359,"name":"Dillie Fouracres","city":"Bangalore"},
{"id":360,"name":"Emanuele Brane","city":"Mumbai"},
{"id":361,"name":"Vito Brass","city":"Hyderabad"},
{"id":362,"name":"Sanders Gelly","city":"Pune"},
{"id":363,"name":"Buckie Hue","city":"Hyderabad"},
{"id":364,"name":"Sean Brougham","city":"Chennai"},
{"id":365,"name":"Arvin Jeeves","city":"Bangalore"},
{"id":366,"name":"Tiffani Padillo","city":"Hyderabad"},
{"id":367,"name":"Stefania Filliskirk","city":"Mumbai"},
{"id":368,"name":"Stirling Cordrey","city":"Mumbai"},
{"id":369,"name":"Hodge Trump","city":"Hyderabad"},
{"id":370,"name":"Carmen Conerding","city":"Pune"},
{"id":371,"name":"Jaimie Brumpton","city":"Pune"},
{"id":372,"name":"Delila Blankau","city":"Mysore"},
{"id":373,"name":"Meryl Sollis","city":"Bangalore"},
{"id":374,"name":"Garnette Chanter","city":"Hyderabad"},
{"id":375,"name":"Ruthe Nardi","city":"Mumbai"},
{"id":376,"name":"Dino Eley","city":"Mumbai"},
{"id":377,"name":"Ofelia Kyrkeman","city":"Hyderabad"},
{"id":378,"name":"Stirling Boyes","city":"Bangalore"},
{"id":379,"name":"Constantia Ivashov","city":"Bangalore"},
{"id":380,"name":"Aloisia Reuben","city":"Mumbai"},
{"id":381,"name":"Ardyce Buckleigh","city":"Chennai"},
{"id":382,"name":"Murial Burgne","city":"Bangalore"},
{"id":383,"name":"Mae Lattimer","city":"Mysore"},
{"id":384,"name":"Lucian Jahncke","city":"Chennai"},
{"id":385,"name":"Foster Garthside","city":"Mysore"},
{"id":386,"name":"Kerstin Corey","city":"Pune"},
{"id":387,"name":"Sammy Comiskey","city":"Mysore"},
{"id":388,"name":"Elden Tunnacliffe","city":"Pune"},
{"id":389,"name":"Renata Chalk","city":"Mumbai"},
{"id":390,"name":"Cherianne Navarijo","city":"Mumbai"},
{"id":391,"name":"Giordano Ebbage","city":"Hyderabad"},
{"id":392,"name":"Marcellina Cooley","city":"Mumbai"},
{"id":393,"name":"Adore Brody","city":"Chennai"},
{"id":394,"name":"Felicdad Simond","city":"Hyderabad"},
{"id":395,"name":"Friedrick Bastock","city":"Hyderabad"},
{"id":396,"name":"Peder Silversmid","city":"Mumbai"},
{"id":397,"name":"Molli Sighard","city":"Hyderabad"},
{"id":398,"name":"Bren Marr","city":"Bangalore"},
{"id":399,"name":"Ingaberg Greenham","city":"Pune"},
{"id":400,"name":"Nickolaus Fogarty","city":"Hyderabad"},
{"id":401,"name":"Paige Balme","city":"Chennai"},
{"id":402,"name":"Udall Hubbock","city":"Mysore"},
{"id":403,"name":"Cassandry Bretherick","city":"Chennai"},
{"id":404,"name":"Isiahi Bradburne","city":"Mysore"},
{"id":405,"name":"Lothaire Ceney","city":"Bangalore"},
{"id":406,"name":"Cammie Strowther","city":"Bangalore"},
{"id":407,"name":"Ines Burde","city":"Mumbai"},
{"id":408,"name":"Durante Ossipenko","city":"Hyderabad"},
{"id":409,"name":"Drusie Joesbury","city":"Mumbai"},
{"id":410,"name":"Fannie Leuren","city":"Chennai"},
{"id":411,"name":"Gerard Ravelus","city":"Mysore"},
{"id":412,"name":"Meara Stanyon","city":"Hyderabad"},
{"id":413,"name":"Constancy Hamner","city":"Pune"},
{"id":414,"name":"Homere Mains","city":"Mysore"},
{"id":415,"name":"Ashien Goodbourn","city":"Pune"},
{"id":416,"name":"Kathrine Child","city":"Chennai"},
{"id":417,"name":"Giraldo Moscrop","city":"Hyderabad"},
{"id":418,"name":"Duke Dennitts","city":"Chennai"},
{"id":419,"name":"Oralie Pohlke","city":"Mysore"},
{"id":420,"name":"Chelsae Ternault","city":"Mysore"},
{"id":421,"name":"Barris Straffon","city":"Mysore"},
{"id":422,"name":"Margarete Benfell","city":"Mumbai"},
{"id":423,"name":"Venus Askey","city":"Chennai"},
{"id":424,"name":"Biron Stutt","city":"Bangalore"},
{"id":425,"name":"Fania De Bischop","city":"Mysore"},
{"id":426,"name":"Denni Spofforth","city":"Hyderabad"},
{"id":427,"name":"Belia Lines","city":"Bangalore"},
{"id":428,"name":"Emiline Howton","city":"Hyderabad"},
{"id":429,"name":"Fanchette Avann","city":"Pune"},
{"id":430,"name":"Gaspard Coutthart","city":"Chennai"},
{"id":431,"name":"Uri Folliott","city":"Bangalore"},
{"id":432,"name":"Ogden Letterese","city":"Mumbai"},
{"id":433,"name":"Brok Pinilla","city":"Hyderabad"},
{"id":434,"name":"Marybeth Koppke","city":"Mysore"},
{"id":435,"name":"Fairlie Pfeffel","city":"Mysore"},
{"id":436,"name":"Yehudi Kinleyside","city":"Mysore"},
{"id":437,"name":"Ollie Burrill","city":"Pune"},
{"id":438,"name":"Jorge Bullar","city":"Pune"},
{"id":439,"name":"Lila Genery","city":"Bangalore"},
{"id":440,"name":"Izaak Stoll","city":"Mumbai"},
{"id":441,"name":"Hillyer Simonsson","city":"Hyderabad"},
{"id":442,"name":"Emily Targett","city":"Mysore"},
{"id":443,"name":"Xerxes Lindman","city":"Chennai"},
{"id":444,"name":"Josiah Worsnap","city":"Chennai"},
{"id":445,"name":"Else Pleaden","city":"Hyderabad"},
{"id":446,"name":"Jock Ivison","city":"Pune"},
{"id":447,"name":"Valentine Muncie","city":"Pune"},
{"id":448,"name":"Faye Aitcheson","city":"Mysore"},
{"id":449,"name":"Ethelyn Girardot","city":"Bangalore"},
{"id":450,"name":"Lani Garwill","city":"Bangalore"},
{"id":451,"name":"Brock Eveleigh","city":"Bangalore"},
{"id":452,"name":"Harriette Saffen","city":"Chennai"},
{"id":453,"name":"Corny Gillhespy","city":"Bangalore"},
{"id":454,"name":"Lauralee Garbar","city":"Hyderabad"},
{"id":455,"name":"Saul Canto","city":"Hyderabad"},
{"id":456,"name":"Ted Astbury","city":"Pune"},
{"id":457,"name":"Vivienne Peeter","city":"Bangalore"},
{"id":458,"name":"Madge Ahearne","city":"Bangalore"},
{"id":459,"name":"Frannie Dinnis","city":"Chennai"},
{"id":460,"name":"Marten Heinemann","city":"Chennai"},
{"id":461,"name":"Rodolfo Shynn","city":"Hyderabad"},
{"id":462,"name":"Casie McDonand","city":"Mumbai"},
{"id":463,"name":"Auroora Guyver","city":"Mumbai"},
{"id":464,"name":"Shepherd Roll","city":"Mysore"},
{"id":465,"name":"Iago Olivi","city":"Mysore"},
{"id":466,"name":"Shirlene Izzett","city":"Hyderabad"},
{"id":467,"name":"Vevay Schoenfisch","city":"Mumbai"},
{"id":468,"name":"Naomi Dilleston","city":"Hyderabad"},
{"id":469,"name":"Savina Chilvers","city":"Pune"},
{"id":470,"name":"Chelsae Banaszczyk","city":"Mumbai"},
{"id":471,"name":"Almira Seathwright","city":"Chennai"},
{"id":472,"name":"Herculie Dollman","city":"Mumbai"},
{"id":473,"name":"Wilma Beldan","city":"Bangalore"},
{"id":474,"name":"Merrielle Hubball","city":"Chennai"},
{"id":475,"name":"Helyn Gorgl","city":"Bangalore"},
{"id":476,"name":"Roddy Schirak","city":"Pune"},
{"id":477,"name":"Kassi Jodkowski","city":"Pune"},
{"id":478,"name":"Mile Polglase","city":"Pune"},
{"id":479,"name":"Stewart Versey","city":"Mumbai"},
{"id":480,"name":"Nikoletta Layland","city":"Chennai"},
{"id":481,"name":"Alison Probat","city":"Mumbai"},
{"id":482,"name":"Dov Van der Hoeven","city":"Mumbai"},
{"id":483,"name":"Montague Murt","city":"Bangalore"},
{"id":484,"name":"Charissa Hugo","city":"Pune"},
{"id":485,"name":"Flossie Lande","city":"Pune"},
{"id":486,"name":"Yardley O'Hengerty","city":"Bangalore"},
{"id":487,"name":"Marielle Himsworth","city":"Bangalore"},
{"id":488,"name":"Eugenius Kildahl","city":"Pune"},
{"id":489,"name":"Francisco Stanyan","city":"Chennai"},
{"id":490,"name":"Killy Linster","city":"Hyderabad"},
{"id":491,"name":"Berry Boarer","city":"Mysore"},
{"id":492,"name":"Liza Mart","city":"Hyderabad"},
{"id":493,"name":"Moll Urch","city":"Pune"},
{"id":494,"name":"Joe Moodie","city":"Bangalore"},
{"id":495,"name":"Ernestus Kimbly","city":"Chennai"},
{"id":496,"name":"Maren Coen","city":"Pune"},
{"id":497,"name":"Dorthy Cozins","city":"Chennai"},
{"id":498,"name":"Clemens Stegers","city":"Hyderabad"},
{"id":499,"name":"Ivonne Jedrysik","city":"Pune"},
{"id":500,"name":"Jayne Taunton.","city":"Pune"},
{"id":501,"name":"Janith Gyurko","city":"Bangalore"},
{"id":502,"name":"Aline Keeffe","city":"Bangalore"},
{"id":503,"name":"Christal Corbert","city":"Mysore"},
{"id":504,"name":"Jeanette Divall","city":"Bangalore"},
{"id":505,"name":"Coretta Le Barre","city":"Hyderabad"},
{"id":506,"name":"Holli O'Nolan","city":"Mumbai"},
{"id":507,"name":"Avis McCauley","city":"Mysore"},
{"id":508,"name":"Auberon McCue","city":"Hyderabad"},
{"id":509,"name":"Gonzalo Perone","city":"Mysore"},
{"id":510,"name":"Shanta Eilert","city":"Mysore"},
{"id":511,"name":"Crissie Rupp","city":"Mumbai"},
{"id":512,"name":"Vivi Possa","city":"Pune"},
{"id":513,"name":"Nanci De Cruze","city":"Chennai"},
{"id":514,"name":"Delano Furze","city":"Mumbai"},
{"id":515,"name":"Riobard Barrable","city":"Mysore"},
{"id":516,"name":"Brockie Newport","city":"Mysore"},
{"id":517,"name":"Erl Kimblen","city":"Chennai"},
{"id":518,"name":"Brooks Carrabott","city":"Mumbai"},
{"id":519,"name":"Bartie Ricold","city":"Mysore"},
{"id":520,"name":"Yolanda Keming","city":"Hyderabad"},
{"id":521,"name":"Chery Ryman","city":"Hyderabad"},
{"id":522,"name":"Katha Downie","city":"Bangalore"},
{"id":523,"name":"Cornall Drinnan","city":"Hyderabad"},
{"id":524,"name":"Annnora Southam","city":"Bangalore"},
{"id":525,"name":"Lucille Yardy","city":"Mumbai"},
{"id":526,"name":"Putnam Messom","city":"Hyderabad"},
{"id":527,"name":"Ambrosius Circuitt","city":"Mysore"},
{"id":528,"name":"Cos Helkin","city":"Mysore"},
{"id":529,"name":"Gilberte Gynni","city":"Chennai"},
{"id":530,"name":"Ibrahim Pieterick","city":"Mumbai"},
{"id":531,"name":"Barny Draye","city":"Hyderabad"},
{"id":532,"name":"Dani Graeme","city":"Chennai"},
{"id":533,"name":"Gus O'Doogan","city":"Pune"},
{"id":534,"name":"Glynis Beldham","city":"Mumbai"},
{"id":535,"name":"Laural Colnet","city":"Mysore"},
{"id":536,"name":"Bartholomew Gallie","city":"Hyderabad"},
{"id":537,"name":"Concordia Tearny","city":"Hyderabad"},
{"id":538,"name":"Morley Jacson","city":"Mumbai"},
{"id":539,"name":"Ebba Kasperski","city":"Mumbai"},
{"id":540,"name":"Parry Scryne","city":"Mysore"},
{"id":541,"name":"Kippie Whitington","city":"Mumbai"},
{"id":542,"name":"Haleigh Kirkham","city":"Mysore"},
{"id":543,"name":"Dolorita Smouten","city":"Bangalore"},
{"id":544,"name":"Greer Dacke","city":"Chennai"},
{"id":545,"name":"Henry Staton","city":"Mumbai"},
{"id":546,"name":"Minor Chatten","city":"Pune"},
{"id":547,"name":"My Rolland","city":"Chennai"},
{"id":548,"name":"Guilbert Leneham","city":"Chennai"},
{"id":549,"name":"Leanna Tommen","city":"Pune"},
{"id":550,"name":"Aggi Bourdice","city":"Bangalore"},
{"id":551,"name":"Sigfrid Hattersley","city":"Hyderabad"},
{"id":552,"name":"Chelsae Muggeridge","city":"Pune"},
{"id":553,"name":"Ursa Hornig","city":"Chennai"},
{"id":554,"name":"Garrett Daltrey","city":"Mysore"},
{"id":555,"name":"Juana Sibthorpe","city":"Hyderabad"},
{"id":556,"name":"Morie Kimmitt","city":"Mysore"},
{"id":557,"name":"Ortensia Tewelson","city":"Pune"},
{"id":558,"name":"Loralyn Oty","city":"Hyderabad"},
{"id":559,"name":"Wilona Batcheldor","city":"Pune"},
{"id":560,"name":"Marnia Kennagh","city":"Bangalore"},
{"id":561,"name":"Tris Mc Gaughey","city":"Chennai"},
{"id":562,"name":"Dorothy Tregaskis","city":"Hyderabad"},
{"id":563,"name":"Beret Grog","city":"Mumbai"},
{"id":564,"name":"Rochell Malec","city":"Bangalore"},
{"id":565,"name":"Marcie Helleckas","city":"Mysore"},
{"id":566,"name":"Darby Dockrill","city":"Mysore"},
{"id":567,"name":"Idalina Kenn","city":"Mumbai"},
{"id":568,"name":"Georges Klaassens","city":"Pune"},
{"id":569,"name":"Shaw Paten","city":"Mysore"},
{"id":570,"name":"Cally Sapseed","city":"Pune"},
{"id":571,"name":"Oberon Cargill","city":"Bangalore"},
{"id":572,"name":"Shaw Bartolozzi","city":"Mumbai"},
{"id":573,"name":"Heda Pawden","city":"Hyderabad"},
{"id":574,"name":"Alfred Grand","city":"Mumbai"},
{"id":575,"name":"Cora Aguirre","city":"Pune"},
{"id":576,"name":"Issiah Sazio","city":"Mysore"},
{"id":577,"name":"Matthieu Matveiko","city":"Chennai"},
{"id":578,"name":"Otes Burditt","city":"Mumbai"},
{"id":579,"name":"Hanson Berrygun","city":"Mysore"},
{"id":580,"name":"Dita Collishaw","city":"Mysore"},
{"id":581,"name":"Adelaida Cabral","city":"Chennai"},
{"id":582,"name":"Therine Chuter","city":"Mumbai"},
{"id":583,"name":"Niels Dudmesh","city":"Chennai"},
{"id":584,"name":"Shadow Baskerville","city":"Chennai"},
{"id":585,"name":"Noby Barajaz","city":"Chennai"},
{"id":586,"name":"Rosalinda Bentote","city":"Pune"},
{"id":587,"name":"Anabella Bondesen","city":"Bangalore"},
{"id":588,"name":"Atalanta Lamperti","city":"Mysore"},
{"id":589,"name":"Gwen Baruch","city":"Mysore"},
{"id":590,"name":"Judi Charters","city":"Mysore"},
{"id":591,"name":"Slade Coard","city":"Pune"},
{"id":592,"name":"Kristyn Joney","city":"Mumbai"},
{"id":593,"name":"Ardenia Baldery","city":"Mysore"},
{"id":594,"name":"Chaddy Demetr","city":"Mysore"},
{"id":595,"name":"Odelia Herreran","city":"Hyderabad"},
{"id":596,"name":"Aubrette Ungaretti","city":"Bangalore"},
{"id":597,"name":"Hobard Verrick","city":"Pune"},
{"id":598,"name":"Ferguson Hindhaugh","city":"Bangalore"},
{"id":599,"name":"Adriane Craw","city":"Hyderabad"},
{"id":600,"name":"Costa Robey","city":"Mysore"},
{"id":601,"name":"Ermentrude McKeaney","city":"Bangalore"},
{"id":602,"name":"Chloette Clouter","city":"Pune"},
{"id":603,"name":"Edith Stringer","city":"Mysore"},
{"id":604,"name":"Cathyleen Pert","city":"Chennai"},
{"id":605,"name":"Norry Coverly","city":"Hyderabad"},
{"id":606,"name":"Vida Brideoke","city":"Bangalore"},
{"id":607,"name":"Nealson Domoni","city":"Mumbai"},
{"id":608,"name":"Kandy MacGaughy","city":"Mumbai"},
{"id":609,"name":"Bridget Bendig","city":"Mumbai"},
{"id":610,"name":"Erminie Spalls","city":"Chennai"},
{"id":611,"name":"Catherina Robertucci","city":"Pune"},
{"id":612,"name":"Ricoriki Meadley","city":"Mumbai"},
{"id":613,"name":"Mab Birdseye","city":"Bangalore"},
{"id":614,"name":"Duffie Toppes","city":"Pune"},
{"id":615,"name":"Adele Hulbert","city":"Mumbai"},
{"id":616,"name":"Teriann Jowers","city":"Mumbai"},
{"id":617,"name":"Jarret McDonagh","city":"Pune"},
{"id":618,"name":"Ninette Moverley","city":"Pune"},
{"id":619,"name":"Caresse Cubbon","city":"Chennai"},
{"id":620,"name":"Thia Shimwell","city":"Pune"},
{"id":621,"name":"Christian Achurch","city":"Mysore"},
{"id":622,"name":"Miller Butte","city":"Pune"},
{"id":623,"name":"Cole Brimacombe","city":"Mysore"},
{"id":624,"name":"Kristen Emloch","city":"Bangalore"},
{"id":625,"name":"Heloise Mangin","city":"Chennai"},
{"id":626,"name":"Aundrea Norley","city":"Pune"},
{"id":627,"name":"Krishnah Sidon","city":"Pune"},
{"id":628,"name":"Rog Llewellin","city":"Mumbai"},
{"id":629,"name":"Karyn Bremen","city":"Pune"},
{"id":630,"name":"Munmro Coode","city":"Chennai"},
{"id":631,"name":"Clint Waight","city":"Hyderabad"},
{"id":632,"name":"Toby Belloch","city":"Hyderabad"},
{"id":633,"name":"Tania Beautyman","city":"Bangalore"},
{"id":634,"name":"Creighton Node","city":"Pune"},
{"id":635,"name":"Gasper Budge","city":"Mumbai"},
{"id":636,"name":"Tamas Jermey","city":"Mumbai"},
{"id":637,"name":"Bowie de Bullion","city":"Mumbai"},
{"id":638,"name":"Franni Tiffney","city":"Hyderabad"},
{"id":639,"name":"Karola Corbally","city":"Bangalore"},
{"id":640,"name":"Aretha Tooting","city":"Bangalore"},
{"id":641,"name":"Rod De Cruce","city":"Bangalore"},
{"id":642,"name":"Quinn Bezley","city":"Bangalore"},
{"id":643,"name":"Morton Ickovici","city":"Chennai"},
{"id":644,"name":"Shelly Whitlaw","city":"Hyderabad"},
{"id":645,"name":"Fremont Reed","city":"Bangalore"},
{"id":646,"name":"Nedda Crut","city":"Bangalore"},
{"id":647,"name":"Pat Mattis","city":"Pune"},
{"id":648,"name":"Ursuline Greaser","city":"Mysore"},
{"id":649,"name":"Jeffry Frankland","city":"Hyderabad"},
{"id":650,"name":"Jewelle Gellibrand","city":"Mysore"},
{"id":651,"name":"Emmeline McGreal","city":"Chennai"},
{"id":652,"name":"Adair Bunson","city":"Chennai"},
{"id":653,"name":"Lusa Conkling","city":"Hyderabad"},
{"id":654,"name":"Bethena Howcroft","city":"Bangalore"},
{"id":655,"name":"Alena Beadle","city":"Mumbai"},
{"id":656,"name":"Perrine Dekeyser","city":"Hyderabad"},
{"id":657,"name":"Hall Grant","city":"Pune"},
{"id":658,"name":"Val Lattka","city":"Mumbai"},
{"id":659,"name":"Davey Seivertsen","city":"Bangalore"},
{"id":660,"name":"Tiffani Dellenty","city":"Mysore"},
{"id":661,"name":"Jannel Repp","city":"Bangalore"},
{"id":662,"name":"Benetta Gislebert","city":"Pune"},
{"id":663,"name":"Wilfrid Yuryaev","city":"Chennai"},
{"id":664,"name":"Leesa Mouser","city":"Pune"},
{"id":665,"name":"Siobhan Noel","city":"Chennai"},
{"id":666,"name":"Taddeusz Saltrese","city":"Mysore"},
{"id":667,"name":"Phoebe Bartel","city":"Chennai"},
{"id":668,"name":"Tiffani Sibbald","city":"Pune"},
{"id":669,"name":"Meta Milton","city":"Bangalore"},
{"id":670,"name":"Ray Heigl","city":"Mysore"},
{"id":671,"name":"Jeffrey Rolf","city":"Mysore"},
{"id":672,"name":"Gunilla Brandes","city":"Hyderabad"},
{"id":673,"name":"Nisse Castellucci","city":"Mumbai"},
{"id":674,"name":"Hewitt Sirrell","city":"Chennai"},
{"id":675,"name":"Trudie Wooldridge","city":"Hyderabad"},
{"id":676,"name":"Chrissy Gorring","city":"Bangalore"},
{"id":677,"name":"Fancy Crammy","city":"Bangalore"},
{"id":678,"name":"Cordi Bloxholm","city":"Mumbai"},
{"id":679,"name":"Orsola Birchner","city":"Hyderabad"},
{"id":680,"name":"Hedwiga Dominichetti","city":"Pune"},
{"id":681,"name":"Ody Larvin","city":"Chennai"},
{"id":682,"name":"Zedekiah Egentan","city":"Bangalore"},
{"id":683,"name":"Garrick Sellstrom","city":"Chennai"},
{"id":684,"name":"Tarrah Hampstead","city":"Chennai"},
{"id":685,"name":"Millisent Arnaut","city":"Mysore"},
{"id":686,"name":"Wynnie Rudsdell","city":"Bangalore"},
{"id":687,"name":"Lorilyn Edensor","city":"Hyderabad"},
{"id":688,"name":"Antoine Avramovsky","city":"Hyderabad"},
{"id":689,"name":"Marni Bromell","city":"Bangalore"},
{"id":690,"name":"Bree Rubinsky","city":"Hyderabad"},
{"id":691,"name":"Alford Morrison","city":"Mysore"},
{"id":692,"name":"Guendolen Bigadike","city":"Chennai"},
{"id":693,"name":"Gregoire Novotna","city":"Chennai"},
{"id":694,"name":"Antonella Idiens","city":"Hyderabad"},
{"id":695,"name":"Dosi Vines","city":"Mumbai"},
{"id":696,"name":"Josee Otham","city":"Mumbai"},
{"id":697,"name":"Glynda Drust","city":"Mumbai"},
{"id":698,"name":"Angelique Dunguy","city":"Pune"},
{"id":699,"name":"Cornell McMullen","city":"Mumbai"},
{"id":700,"name":"Suzanna Malam","city":"Mysore"},
{"id":701,"name":"Willa Herrero","city":"Pune"},
{"id":702,"name":"Denni Kubalek","city":"Pune"},
{"id":703,"name":"Myranda Novichenko","city":"Mysore"},
{"id":704,"name":"Charisse McGoogan","city":"Bangalore"},
{"id":705,"name":"Isa Sieur","city":"Bangalore"},
{"id":706,"name":"Merilyn Dyer","city":"Mumbai"},
{"id":707,"name":"Fenelia Goodhall","city":"Mumbai"},
{"id":708,"name":"Jodie Napier","city":"Hyderabad"},
{"id":709,"name":"Harris Colbridge","city":"Hyderabad"},
{"id":710,"name":"Rosemonde MacAllester","city":"Pune"},
{"id":711,"name":"Roselia Stygall","city":"Mysore"},
{"id":712,"name":"Rosalynd Purslow","city":"Mysore"},
{"id":713,"name":"Bernelle Scowen","city":"Mysore"},
{"id":714,"name":"Morgan Fisby","city":"Chennai"},
{"id":715,"name":"Job Soaper","city":"Pune"},
{"id":716,"name":"Leilah Purnell","city":"Mumbai"},
{"id":717,"name":"Nahum Kynforth","city":"Bangalore"},
{"id":718,"name":"Rachael Aveling","city":"Mysore"},
{"id":719,"name":"Fan Douche","city":"Hyderabad"},
{"id":720,"name":"Alyse Bedin","city":"Chennai"},
{"id":721,"name":"Tait Canty","city":"Hyderabad"},
{"id":722,"name":"Bone Dyerson","city":"Mumbai"},
{"id":723,"name":"Ashli Gorrissen","city":"Chennai"},
{"id":724,"name":"Filberte Molloy","city":"Mumbai"},
{"id":725,"name":"Zelig Hesey","city":"Mumbai"},
{"id":726,"name":"Barbee Hedde","city":"Mumbai"},
{"id":727,"name":"Jerrine Cockle","city":"Chennai"},
{"id":728,"name":"Mallissa Yurukhin","city":"Mysore"},
{"id":729,"name":"Keir Tribell","city":"Chennai"},
{"id":730,"name":"Katheryn Keener","city":"Bangalore"},
{"id":731,"name":"Elly Davidwitz","city":"Chennai"},
{"id":732,"name":"Gaby Minto","city":"Chennai"},
{"id":733,"name":"Kenneth McFadyen","city":"Pune"},
{"id":734,"name":"Berthe Taleworth","city":"Hyderabad"},
{"id":735,"name":"Bernette Skett","city":"Hyderabad"},
{"id":736,"name":"Dur Loftus","city":"Mysore"},
{"id":737,"name":"Stanislaus Taudevin","city":"Bangalore"},
{"id":738,"name":"Nataniel Woolaghan","city":"Mysore"},
{"id":739,"name":"Kasey Kristiansen","city":"Hyderabad"},
{"id":740,"name":"Sukey Ballston","city":"Hyderabad"},
{"id":741,"name":"Riane McVittie","city":"Hyderabad"},
{"id":742,"name":"Reba Bartolomivis","city":"Hyderabad"},
{"id":743,"name":"Danell Beetham","city":"Mumbai"},
{"id":744,"name":"Hilario Ebourne","city":"Mumbai"},
{"id":745,"name":"Sondra Howis","city":"Mumbai"},
{"id":746,"name":"Berny Jozsef","city":"Pune"},
{"id":747,"name":"Iolande Furney","city":"Chennai"},
{"id":748,"name":"Victoir Segeswoeth","city":"Hyderabad"},
{"id":749,"name":"Mame Rudolph","city":"Mumbai"},
{"id":750,"name":"Erik Ikringill","city":"Chennai"},
{"id":751,"name":"Cleon Haquard","city":"Bangalore"},
{"id":752,"name":"Reamonn Macken","city":"Mumbai"},
{"id":753,"name":"Stern Tabourier","city":"Mysore"},
{"id":754,"name":"Skip Cannan","city":"Mysore"},
{"id":755,"name":"Salvidor Watkiss","city":"Pune"},
{"id":756,"name":"Alvina Abrahami","city":"Hyderabad"},
{"id":757,"name":"Gilberto Coom","city":"Hyderabad"},
{"id":758,"name":"Katerine Stockings","city":"Pune"},
{"id":759,"name":"Amandy Flohard","city":"Hyderabad"},
{"id":760,"name":"Xaviera Falconbridge","city":"Mysore"},
{"id":761,"name":"Delinda Backwell","city":"Pune"},
{"id":762,"name":"Sibby Yuryichev","city":"Pune"},
{"id":763,"name":"Sumner Memmory","city":"Hyderabad"},
{"id":764,"name":"Lotty Willows","city":"Mumbai"},
{"id":765,"name":"Carol-jean Labbati","city":"Chennai"},
{"id":766,"name":"Fidelio Maas","city":"Mumbai"},
{"id":767,"name":"Hillier Coombes","city":"Mysore"},
{"id":768,"name":"Mureil Darlington","city":"Chennai"},
{"id":769,"name":"Minnnie Coronas","city":"Mysore"},
{"id":770,"name":"Derry Sparkwill","city":"Pune"},
{"id":771,"name":"Selina Martinolli","city":"Mysore"},
{"id":772,"name":"Orion Van der Brugge","city":"Mysore"},
{"id":773,"name":"Rochester Scottesmoor","city":"Chennai"},
{"id":774,"name":"Terry Scorton","city":"Mysore"},
{"id":775,"name":"Ephrayim Coggill","city":"Mumbai"},
{"id":776,"name":"Pall Aguilar","city":"Mysore"},
{"id":777,"name":"Daile Corpes","city":"Pune"},
{"id":778,"name":"Corrinne Bettlestone","city":"Bangalore"},
{"id":779,"name":"Alane Casterou","city":"Chennai"},
{"id":780,"name":"Donn Lynes","city":"Pune"},
{"id":781,"name":"Nanette Dinnis","city":"Chennai"},
{"id":782,"name":"Adolph Gouley","city":"Hyderabad"},
{"id":783,"name":"Rochell Rackham","city":"Mysore"},
{"id":784,"name":"Nikola Borthe","city":"Pune"},
{"id":785,"name":"Faythe Balassi","city":"Hyderabad"},
{"id":786,"name":"Goddard McCerery","city":"Mysore"},
{"id":787,"name":"Stinky Edinburgh","city":"Pune"},
{"id":788,"name":"Vonny Fuller","city":"Mysore"},
{"id":789,"name":"Livvyy Longstaffe","city":"Hyderabad"},
{"id":790,"name":"Sam Priddey","city":"Mumbai"},
{"id":791,"name":"Dierdre Strowger","city":"Hyderabad"},
{"id":792,"name":"Sibelle Palley","city":"Chennai"},
{"id":793,"name":"Katharyn Tejero","city":"Mysore"},
{"id":794,"name":"Gabrila Gershom","city":"Pune"},
{"id":795,"name":"Cherise Vallintine","city":"Pune"},
{"id":796,"name":"Ced Cregeen","city":"Mysore"},
{"id":797,"name":"Sonny McWhin","city":"Mumbai"},
{"id":798,"name":"Maddi Semerad","city":"Hyderabad"},
{"id":799,"name":"Devlen Moden","city":"Mumbai"},
{"id":800,"name":"Ignacio Audiss","city":"Chennai"},
{"id":801,"name":"Elyssa Videler","city":"Hyderabad"},
{"id":802,"name":"Valeda Clemencon","city":"Chennai"},
{"id":803,"name":"Valeda Place","city":"Chennai"},
{"id":804,"name":"Betty Degnen","city":"Pune"},
{"id":805,"name":"Rivkah Kubatsch","city":"Hyderabad"},
{"id":806,"name":"Mohammed Nightingale","city":"Mumbai"},
{"id":807,"name":"Kevon Bickardike","city":"Mysore"},
{"id":808,"name":"Rosita Wakefield","city":"Pune"},
{"id":809,"name":"Beitris Pilgram","city":"Hyderabad"},
{"id":810,"name":"Neal Paxforde","city":"Hyderabad"},
{"id":811,"name":"Madonna Eggleson","city":"Pune"},
{"id":812,"name":"Viki Matiebe","city":"Bangalore"},
{"id":813,"name":"Clayborn McAirt","city":"Bangalore"},
{"id":814,"name":"Isabella Axcel","city":"Chennai"},
{"id":815,"name":"Hali Dawltrey","city":"Hyderabad"},
{"id":816,"name":"Tabbi Anyon","city":"Hyderabad"},
{"id":817,"name":"Leanna Spring","city":"Chennai"},
{"id":818,"name":"Marya Scroggins","city":"Mysore"},
{"id":819,"name":"Winthrop Fominov","city":"Hyderabad"},
{"id":820,"name":"Eustace Ahren","city":"Bangalore"},
{"id":821,"name":"Kelley Shellum","city":"Chennai"},
{"id":822,"name":"Aurilia Priter","city":"Mumbai"},
{"id":823,"name":"Miltie Bastow","city":"Bangalore"},
{"id":824,"name":"Justino Toffel","city":"Bangalore"},
{"id":825,"name":"Rhea Glassard","city":"Hyderabad"},
{"id":826,"name":"Leilah De Mitris","city":"Pune"},
{"id":827,"name":"Gard McGeneay","city":"Mysore"},
{"id":828,"name":"Larissa Laingmaid","city":"Chennai"},
{"id":829,"name":"Nico Somerton","city":"Mumbai"},
{"id":830,"name":"Heriberto Mayes","city":"Pune"},
{"id":831,"name":"Ivor Sheehan","city":"Mysore"},
{"id":832,"name":"Gilberto McLanaghan","city":"Mysore"},
{"id":833,"name":"Tadeo Whitlock","city":"Chennai"},
{"id":834,"name":"Cherrita Francillo","city":"Chennai"},
{"id":835,"name":"Herman MacFarland","city":"Hyderabad"},
{"id":836,"name":"Merna Picopp","city":"Mysore"},
{"id":837,"name":"Randolf Matchell","city":"Bangalore"},
{"id":838,"name":"Ivar Yerrill","city":"Hyderabad"},
{"id":839,"name":"Giorgi Refford","city":"Hyderabad"},
{"id":840,"name":"Ermentrude Chidzoy","city":"Pune"},
{"id":841,"name":"Michaella O'Connor","city":"Pune"},
{"id":842,"name":"Lilias Dowglass","city":"Mysore"},
{"id":843,"name":"Rayshell Gayle","city":"Hyderabad"},
{"id":844,"name":"Alecia Scneider","city":"Mumbai"},
{"id":845,"name":"Jeanie Dumbrall","city":"Hyderabad"},
{"id":846,"name":"Tobias Rubenov","city":"Hyderabad"},
{"id":847,"name":"Ardene Wyer","city":"Pune"},
{"id":848,"name":"Madelon Ritchard","city":"Pune"},
{"id":849,"name":"Townie Trevaskus","city":"Mumbai"},
{"id":850,"name":"Reynold Corthes","city":"Bangalore"},
{"id":851,"name":"Xylina Byne","city":"Mumbai"},
{"id":852,"name":"Cecilio Crimin","city":"Mumbai"},
{"id":853,"name":"Nadya Jepps","city":"Pune"},
{"id":854,"name":"Meggi Brabant","city":"Pune"},
{"id":855,"name":"Darb McDonald","city":"Bangalore"},
{"id":856,"name":"Mitchel Moxted","city":"Hyderabad"},
{"id":857,"name":"Hamil Mence","city":"Mysore"},
{"id":858,"name":"Charlton Sallnow","city":"Pune"},
{"id":859,"name":"Willabella Kilgannon","city":"Pune"},
{"id":860,"name":"Klarrisa Tattam","city":"Bangalore"},
{"id":861,"name":"Barbabra Gomery","city":"Mumbai"},
{"id":862,"name":"Kristian Markham","city":"Chennai"},
{"id":863,"name":"Gal De Gowe","city":"Pune"},
{"id":864,"name":"Alphard Manuely","city":"Hyderabad"},
{"id":865,"name":"Glen Pexton","city":"Mumbai"},
{"id":866,"name":"Jillayne Karchowski","city":"Mumbai"},
{"id":867,"name":"Claiborn Blackway","city":"Mumbai"},
{"id":868,"name":"Drew Muffin","city":"Mysore"},
{"id":869,"name":"Chadwick Emmert","city":"Pune"},
{"id":870,"name":"Virginia Paraman","city":"Mysore"},
{"id":871,"name":"Sibella Hickinbottom","city":"Pune"},
{"id":872,"name":"Blake Seyler","city":"Chennai"},
{"id":873,"name":"Austine Castagnone","city":"Bangalore"},
{"id":874,"name":"Arvy Willisch","city":"Mumbai"},
{"id":875,"name":"Olive Weekland","city":"Bangalore"},
{"id":876,"name":"Darleen Belitz","city":"Mumbai"},
{"id":877,"name":"Locke Sheridan","city":"Hyderabad"},
{"id":878,"name":"Rolando Lilley","city":"Mumbai"},
{"id":879,"name":"Aubine Flucker","city":"Chennai"},
{"id":880,"name":"Rebecca Laborda","city":"Chennai"},
{"id":881,"name":"Brooke McCorkindale","city":"Chennai"},
{"id":882,"name":"Lenard Kenewell","city":"Bangalore"},
{"id":883,"name":"Neall McCallister","city":"Bangalore"},
{"id":884,"name":"Lyn Dinkin","city":"Mumbai"},
{"id":885,"name":"Jeremy Balshen","city":"Hyderabad"},
{"id":886,"name":"Kaleena Benedidick","city":"Mumbai"},
{"id":887,"name":"Delores Cowtherd","city":"Hyderabad"},
{"id":888,"name":"Fern Vahey","city":"Hyderabad"},
{"id":889,"name":"Lyon Eilhart","city":"Mysore"},
{"id":890,"name":"Bonni Caddens","city":"Bangalore"},
{"id":891,"name":"Uri Daborn","city":"Chennai"},
{"id":892,"name":"Dodi Kibblewhite","city":"Hyderabad"},
{"id":893,"name":"Esma Lynskey","city":"Hyderabad"},
{"id":894,"name":"Garner Claessens","city":"Chennai"},
{"id":895,"name":"Bart Beckwith","city":"Hyderabad"},
{"id":896,"name":"Theodoric Chiene","city":"Bangalore"},
{"id":897,"name":"Dode Pryce","city":"Pune"},
{"id":898,"name":"Torey Skep","city":"Bangalore"},
{"id":899,"name":"Laurie Imesen","city":"Pune"},
{"id":900,"name":"Kevina McCullen","city":"Hyderabad"},
{"id":901,"name":"Vi Crossgrove","city":"Mumbai"},
{"id":902,"name":"Alec McQuade","city":"Bangalore"},
{"id":903,"name":"Toby Gino","city":"Bangalore"},
{"id":904,"name":"Keriann Samme","city":"Mumbai"},
{"id":905,"name":"Nils Skellen","city":"Chennai"},
{"id":906,"name":"Harland Snell","city":"Pune"},
{"id":907,"name":"Emory Rucklidge","city":"Pune"},
{"id":908,"name":"Ailyn Lebbon","city":"Mumbai"},
{"id":909,"name":"Timothee Atchly","city":"Hyderabad"},
{"id":910,"name":"Toby MacLaren","city":"Hyderabad"},
{"id":911,"name":"Marlowe Giller","city":"Chennai"},
{"id":912,"name":"Von Lob","city":"Mysore"},
{"id":913,"name":"Jeddy McCaughen","city":"Pune"},
{"id":914,"name":"Francesco Peschet","city":"Chennai"},
{"id":915,"name":"Timmy Lindwasser","city":"Mysore"},
{"id":916,"name":"Zea Cobbledick","city":"Hyderabad"},
{"id":917,"name":"Netti MacAlees","city":"Chennai"},
{"id":918,"name":"Sebastien Pembridge","city":"Mysore"},
{"id":919,"name":"Kaleb Vequaud","city":"Pune"},
{"id":920,"name":"Rosalinde Mazzey","city":"Pune"},
{"id":921,"name":"Rutter Halworth","city":"Mumbai"},
{"id":922,"name":"Rickie Ellwell","city":"Hyderabad"},
{"id":923,"name":"Abigale Clotworthy","city":"Pune"},
{"id":924,"name":"Alvinia Scannell","city":"Hyderabad"},
{"id":925,"name":"Tremain Sambidge","city":"Mumbai"},
{"id":926,"name":"Calv O' Byrne","city":"Mysore"},
{"id":927,"name":"Nikki Coyish","city":"Bangalore"},
{"id":928,"name":"Lavina Polsin","city":"Pune"},
{"id":929,"name":"Webster Setford","city":"Mysore"},
{"id":930,"name":"Catharine Gockeler","city":"Hyderabad"},
{"id":931,"name":"Ruby Lavers","city":"Mysore"},
{"id":932,"name":"Carmine Muddicliffe","city":"Hyderabad"},
{"id":933,"name":"Ralina Dyson","city":"Chennai"},
{"id":934,"name":"Margarete Baus","city":"Hyderabad"},
{"id":935,"name":"Humphrey Abbate","city":"Mumbai"},
{"id":936,"name":"Kimble Fewlass","city":"Mysore"},
{"id":937,"name":"Idalina Haughian","city":"Hyderabad"},
{"id":938,"name":"Cordelie Etock","city":"Chennai"},
{"id":939,"name":"Angie Everex","city":"Mumbai"},
{"id":940,"name":"Tiffy Peattie","city":"Chennai"},
{"id":941,"name":"Patrizia Pervoe","city":"Mysore"},
{"id":942,"name":"Aviva Oldam","city":"Mumbai"},
{"id":943,"name":"Fidole Capron","city":"Mysore"},
{"id":944,"name":"Joelly Cockrell","city":"Bangalore"},
{"id":945,"name":"Emery De Hooch","city":"Pune"},
{"id":946,"name":"Priscella Eymor","city":"Bangalore"},
{"id":947,"name":"Karia Bywaters","city":"Pune"},
{"id":948,"name":"Briggs Kenway","city":"Mumbai"},
{"id":949,"name":"Fanya McGannon","city":"Hyderabad"},
{"id":950,"name":"Leonidas Fordy","city":"Mysore"},
{"id":951,"name":"Ephraim Spottiswoode","city":"Chennai"},
{"id":952,"name":"Harman Rebeiro","city":"Mumbai"},
{"id":953,"name":"Jania Kibbel","city":"Hyderabad"},
{"id":954,"name":"Gustav Linge","city":"Hyderabad"},
{"id":955,"name":"Joelie Cronk","city":"Bangalore"},
{"id":956,"name":"Lucina Bayless","city":"Mysore"},
{"id":957,"name":"Fanechka Dank","city":"Chennai"},
{"id":958,"name":"Ruben Blondin","city":"Bangalore"},
{"id":959,"name":"Maura Goldsbrough","city":"Hyderabad"},
{"id":960,"name":"Susannah Gerger","city":"Mysore"},
{"id":961,"name":"Artair Mallender","city":"Pune"},
{"id":962,"name":"Chaddie Whisson","city":"Bangalore"},
{"id":963,"name":"Kerry MacGillicuddy","city":"Mumbai"},
{"id":964,"name":"Keri Eggerton","city":"Mysore"},
{"id":965,"name":"Sadella Gatchell","city":"Pune"},
{"id":966,"name":"Francis Wandtke","city":"Hyderabad"},
{"id":967,"name":"Stanislaw Aslum","city":"Chennai"},
{"id":968,"name":"Brande Yarrow","city":"Mysore"},
{"id":969,"name":"Carolin Clancey","city":"Pune"},
{"id":970,"name":"Em Segge","city":"Chennai"},
{"id":971,"name":"Marie-jeanne Antonoczyk","city":"Pune"},
{"id":972,"name":"Brina Wroughton","city":"Mysore"},
{"id":973,"name":"Mahala Haskew","city":"Chennai"},
{"id":974,"name":"Rutherford Imm","city":"Pune"},
{"id":975,"name":"Frans Luty","city":"Pune"},
{"id":976,"name":"Jennine Spraberry","city":"Mysore"},
{"id":977,"name":"Nicholas Densun","city":"Mumbai"},
{"id":978,"name":"Finn Cloutt","city":"Chennai"},
{"id":979,"name":"Claudia Methingam","city":"Chennai"},
{"id":980,"name":"Gene Threlkeld","city":"Bangalore"},
{"id":981,"name":"Brnaba Corbishley","city":"Mysore"},
{"id":982,"name":"Jenine Bloan","city":"Bangalore"},
{"id":983,"name":"Roseanne Lambrechts","city":"Mumbai"},
{"id":984,"name":"Roseann Biggans","city":"Chennai"},
{"id":985,"name":"Beatrix Corden","city":"Pune"},
{"id":986,"name":"Florri Lorente","city":"Chennai"},
{"id":987,"name":"Mead Belly","city":"Pune"},
{"id":988,"name":"Ellette Druitt","city":"Mumbai"},
{"id":989,"name":"Annabelle Rowles","city":"Bangalore"},
{"id":990,"name":"Lewiss Mynott","city":"Hyderabad"},
{"id":991,"name":"Nye Horwell","city":"Chennai"},
{"id":992,"name":"Christin Cleen","city":"Chennai"},
{"id":993,"name":"Elsie Goldberg","city":"Chennai"},
{"id":994,"name":"Dex Boyen","city":"Chennai"},
{"id":995,"name":"Casie Siebart","city":"Pune"},
{"id":996,"name":"Daloris Gronaver","city":"Chennai"},
{"id":997,"name":"Claudette Woollin","city":"Mysore"},
{"id":998,"name":"Rebekah Stuchbury","city":"Mysore"},
{"id":999,"name":"Skelly Sargison","city":"Bangalore"},
{"id":1000,"name":"Maurizia Coopper","city":"Mysore"}]